X,s01,s02,s03,s04,s05,s06,s07,s08,s09,s10,s11,s12,s13,s14,s15,s16,s17,s18,s19,s20,s21,s22,s23,s24,s25,s26,s27,s28,s29,s30,s31,s32,s33,s34,s35,s36,s37,s38,s39,s40,s41,s42,s43,s44,s45,s46,s47,s48,s49,s50
rsX001,AA,AA,AA,AB,AA,AA,AA,AA,AA,AA,AA,AA,AB,AA,AA,AA,AA,AA,AA,AA,AA,AA,AA,AB,AA,AA,AA,AA,AA,AA,AA,AA,AA,AA,AB,AA,AA,AA,AA,AA,AA,AA,AA,AA,AA,AA,AA,AA,AA,AA
rsX002,AA,AA,AA,AA,AA,AA,AA,AA,AA,AA,BA,AA,AA,AA,AA,AA,AA,BA,AA,AA,AA,AA,AA,AA,AA,AA,AA,AA,AA,AA,AA,AA,AA,AA,AA,BA,AA,AA,AA,AA,AA,AA,AA,BA,BA,AA,AA,AA,AA,BA
rsX003,AB,AA,AA,AB,AB,AA,AA,AA,AA,AA,AA,AB,AA,AA,AA,AB,AB,AA,AA,AA,AA,AB,AA,AA,AB,AA,AA,AA,NA,AA,AA,NA,AB,AB,AA,AA,AA,AA,AA,AA,AB,AB,AA,AB,AA,AA,AA,NA,AA,AA
rsX004,AA,AA,AA,AB,AB,AA,AA,AB,AA,AA,AB,AB,AA,AA,AA,AA,AA,AB,AA,AA,AA,AA,AB,AB,AA,AA,AB,AB,AA,AA,AB,AA,AA,AA,AA,AA,AB,AB,AA,AA,AA,AA,AA,AB,AA,AA,AA,AA,AA,AA
rsX005,AB,AA,AB,AB,AA,AB,AB,AB,AA,AA,AA,AA,AB,AA,AB,AA,AB,AB,AA,AB,AB,BB,AA,AA,AB,AB,AB,AB,AB,AA,NA,NA,AB,AA,AA,AA,AB,AB,AA,AA,AA,AA,AA,AB,AB,AB,AA,AA,AB,AB
rsX006,AA,BA,BA,BB,AA,BA,AA,BA,AA,BA,BA,BB,BA,AA,BA,BA,AA,BA,BB,AA,AA,BB,AA,AA,AA,BA,BA,BA,AA,AA,AA,BB,BA,BA,BA,BB,BA,BA,AA,AA,BA,BA,BA,BB,AA,AA,BA,AA,BA,AA
rsX007,AA,AA,AA,AA,AA,AA,AA,AA,AA,AA,AA,AA,AA,AA,AA,AA,AA,AA,AA,AA,AA,AA,AA,AA,AA,AA,AA,AA,AA,AA,AA,AA,AA,AA,AA,AA,AA,AA,AA,AA,AA,AA,AA,AA,AA,AA,AA,AA,AA,AA
rsX008,AA,AA,AA,AA,AA,AA,AB,AA,AB,AB,AA,AB,AB,AB,AB,AA,AB,AA,AB,AA,AB,AA,AA,AB,AB,AB,AB,AA,AA,AA,AB,AA,AA,AA,AA,AA,AB,AA,AB,AB,AA,AB,AB,AB,BB,AA,AB,BB,AA,AB
rsX009,BA,BA,AA,AA,AA,BA,AA,AA,AA,AA,AA,AA,AA,AA,AA,BA,AA,AA,BA,AA,AA,AA,AA,AA,BA,AA,BA,AA,AA,AA,AA,AA,AA,AA,BA,BA,AA,AA,AA,AA,BA,AA,AA,BA,AA,AA,AA,AA,BA,BA
rsX010,AB,AA,AB,AB,AA,AB,AB,AB,AA,AA,AA,AA,AB,AA,AB,AA,AB,AB,AA,AB,AB,BB,AA,AA,AB,AB,AB,AB,AB,AA,AA,AB,AB,AA,AA,AA,AB,AB,AA,AA,AA,AA,AA,AB,AB,AB,AA,AA,AB,AB
rsX011,AA,AA,AA,BA,BA,AA,AA,AA,AA,BA,AA,AA,AA,AA,AA,AA,AA,AA,AA,AA,AA,BA,AA,AA,AA,AA,AA,AA,AA,AA,AA,AA,AA,AA,AA,AA,AA,AA,AA,AA,AA,AA,AA,AA,AA,AA,BA,AA,AA,AA
rsX012,AB,AA,AA,BB,AB,AA,AB,AA,AA,AB,AB,AB,AB,AA,AA,AA,AB,AB,AA,AA,AB,AB,AA,AA,AA,AA,AA,AA,AB,BB,AA,AA,AA,BB,AA,AB,BB,AA,AA,AA,AA,AB,AA,AB,AA,AA,AB,AB,AA,BB
rsX013,AA,AA,AA,AA,AA,AA,AA,AA,AA,AA,AA,AA,AA,AA,AA,AA,AA,AA,AA,AA,AA,AA,AA,AA,AA,AA,AA,AA,AA,AA,AA,AA,AA,AA,AA,AA,AA,AA,AA,AA,AA,AA,AA,AA,AA,AA,AA,AA,AA,AA
rsX014,AA,AA,AA,AA,AA,AA,AA,AA,AA,AA,AA,AA,AA,AA,AA,AB,AB,AA,AA,AA,AA,AA,AA,AA,AA,AA,AA,AA,AA,AA,AA,AA,AB,AA,AA,AA,AA,AA,AA,AA,AA,AB,AA,AA,AA,AA,AA,AA,AA,AA
rsX015,AA,AA,AA,AB,AA,AA,AA,AA,AA,AA,AA,AA,AA,AA,AA,AA,AB,AA,AA,BB,AA,AB,AB,AA,AA,AA,AA,AA,AA,AA,AA,AA,AA,AB,AA,AA,AA,AA,AA,AA,AA,AA,AA,AA,AA,AA,AB,AA,AA,AA
rsX016,AA,AA,AA,AA,AA,AA,AB,AA,AA,AB,AB,AA,AB,AA,AA,AB,AB,AB,AA,AB,AA,AA,AA,AA,AA,AA,AA,AB,AA,AA,AA,AA,AB,AB,AA,AA,AA,AA,AA,AB,AA,AB,AA,AA,AA,AB,AA,AA,AA,AA
rsX017,AA,AA,AA,AA,AA,AA,AB,AA,AA,AB,AB,AA,AB,AA,AA,AB,AB,AB,AA,AB,AA,AA,AA,AA,AA,AA,AA,AB,AA,AA,AA,AA,AB,AA,AA,AA,AA,AA,AA,AB,AA,AB,AA,AA,AA,AB,AA,AA,AA,AA
rsX018,AB,AB,AB,AA,AA,BB,AB,AA,AA,BB,BB,AA,AB,AA,AB,AA,AB,AB,AB,AB,AB,BB,AB,AB,AB,AA,AB,BB,BB,AB,AA,BB,AA,AB,AA,AB,AA,AB,AA,AA,AB,AA,AA,AB,AB,AA,AA,AB,BB,AB
rsX019,AA,AA,AA,AA,AA,AA,AB,AA,AA,AB,AB,AA,AB,AA,AA,AB,AB,AB,AA,AB,AA,AA,AA,AA,AA,AA,AA,AB,AA,AA,AA,AA,AB,AA,AA,AA,AA,AA,AA,AB,AA,AB,AA,AA,AA,AB,AA,AA,AA,AA
rsX020,AA,AA,AA,BA,BA,AA,AA,AA,AA,BA,AA,AA,AA,AA,AA,AA,AA,AA,AA,AA,AA,BA,AA,AA,AA,AA,AA,AA,AA,AA,AA,AA,AA,AA,AA,AA,AA,AA,AA,AA,AA,AA,AA,AA,AA,AA,BA,AA,AA,AA
rsX021,AB,AA,AA,AB,AA,AB,AB,AB,AB,AB,BB,AB,AB,AB,AB,AB,AB,AB,AB,AA,BB,AB,AB,AA,AB,AA,AA,AB,BB,BB,AA,AB,BB,BB,AA,BB,BB,AA,AA,AB,AB,BB,AB,AB,AB,BB,AB,BB,AA,BB
rsX022,AA,AA,BA,BB,BA,AA,AA,AA,BA,BB,BA,NA,AA,BA,BB,AA,AA,AA,AA,BA,AA,BA,BA,AA,AA,BA,AA,BA,AA,AA,AA,AA,BA,BB,BA,BA,AA,AA,AA,AA,BA,AA,BA,BA,AA,AA,AA,BA,BA,AA
rsX023,BA,BA,BA,BA,AA,AA,AA,BA,BA,AA,AA,BB,AA,BA,BA,AA,AA,AA,AA,AA,AA,BA,AA,BA,BA,AA,BA,AA,BA,AA,BB,AA,AA,AA,BB,BA,AA,AA,BA,BA,BB,BA,BA,BA,AA,AA,BB,AA,BA,BA
rsX024,AA,BA,AA,AA,AA,AA,AA,AA,AA,AA,AA,BA,AA,AA,AA,AA,AA,AA,AA,AA,AA,AA,AA,AA,AA,BA,AA,AA,AA,AA,BA,AA,AA,AA,BA,AA,AA,AA,BA,BA,AA,AA,BA,AA,AA,BA,BB,BA,AA,BA
rsX025,AA,AA,AB,AB,AB,AA,AA,AB,AB,AA,AA,AB,AA,AB,AB,AA,AA,AA,AA,AA,AA,AA,AA,AB,AA,AA,AA,AA,AA,AA,BB,AA,AA,AA,AB,AB,AA,AA,AB,AA,AA,AA,AB,AA,AA,AA,AA,AA,AA,AA
rsX026,AA,BA,AA,AA,AA,AA,AA,AA,AA,AA,AA,AA,AA,AA,AA,AA,AA,AA,AA,AA,AA,AA,AA,AA,AA,AA,AA,AA,AA,AA,BA,AA,AA,AA,BA,AA,AA,AA,BA,AA,AA,AA,BA,AA,AA,AA,BB,AA,AA,BA
rsX027,AA,AA,AA,AA,AB,AA,AA,AA,AA,AA,AA,AA,AA,AB,AA,AA,AA,AA,AA,AB,AA,AA,AB,AA,AB,AA,AA,AA,AA,AA,AA,AA,AA,AA,AA,AA,AA,AA,AA,AA,AA,AA,AA,AA,AA,AA,AA,AA,AA,AB
rsX028,AA,AA,BA,AA,AA,AA,AA,BA,BA,AA,BA,BA,AA,AA,AA,BA,AA,BA,AA,AA,BB,BA,BA,AA,BA,AA,BA,AA,AA,AA,BA,BA,AA,BA,AA,AA,BB,BA,AA,BB,BB,AA,BB,AA,AA,BA,AA,AA,AA,BA
rsX029,AB,AA,AA,AA,AA,AA,AA,AA,AA,AA,AA,AA,AA,AA,AA,AA,AA,AA,AA,AA,AA,AA,AA,AA,AA,AA,AA,AA,AA,AA,AA,AA,AA,AA,AA,AA,AA,AA,AA,AA,AA,AA,AA,AA,AA,AA,AA,AA,AA,AA
rsX030,AA,AB,AA,AB,AA,AA,AA,AA,AA,AB,AB,AB,AA,AA,AB,AA,AB,AA,AB,AB,AA,AB,AA,AA,AB,AB,AA,AA,AB,AA,AA,AA,AA,AA,AA,AA,AB,BB,AA,AB,AA,AA,AA,AA,AA,AB,AB,AA,AA,AB
rsX031,BA,AA,AA,BB,AA,BA,BA,BA,BA,AA,BB,BA,BA,BA,BA,BA,BA,BA,BA,AA,BB,BA,BA,AA,BA,AA,AA,BA,BB,BB,AA,BA,BB,BB,AA,BB,BB,AA,AA,BA,BA,BB,BA,BA,AA,BB,BA,BB,AA,BB
rsX032,AB,AB,AA,AA,AB,AA,BB,AA,AA,AA,AA,AA,AA,AA,AA,AA,AA,AB,AB,AB,AA,AA,AB,AA,AA,AA,AB,AA,AA,AA,BB,AB,AB,AA,AA,AA,AA,AA,AB,BB,AA,BB,AA,AA,AB,AA,AA,AB,AB,AA
rsX033,AA,BA,BA,BA,BB,AA,AA,BB,BB,BA,BA,AA,BA,BA,AA,BB,BA,BA,BA,BB,AA,AA,AA,BA,AA,BB,BB,AA,AA,BB,AA,AA,AA,AA,BA,AA,BA,AA,BB,AA,AA,AA,BB,AA,AA,BB,AA,BA,AA,BA
rsX034,AA,AA,AA,AA,AA,AA,AA,AA,AA,AA,AA,AA,AA,AA,AA,AA,AB,AA,AA,AA,AA,AA,AA,AA,AA,AA,AA,AA,AA,AA,AA,AA,AA,AA,AA,AA,AA,AA,AA,AA,AB,AA,AA,AB,AA,AA,AA,AA,AA,AA
rsX035,AA,BA,AA,AA,BA,BA,AA,AA,BA,AA,BA,BA,AA,AA,AA,AA,BA,BA,AA,BA,AA,AA,AA,BA,BA,AA,AA,AA,AA,AA,AA,AA,BA,AA,AA,AA,AA,BA,AA,AA,AA,BA,AA,AA,AA,AA,AA,AA,AA,AA
rsX036,AA,AA,AA,AA,AB,AA,AA,AA,AA,AA,AA,AA,AA,AA,AA,AA,AA,AA,AA,AB,AA,AA,AA,AA,AA,AA,AA,AA,AA,AA,AA,AA,AA,AA,AA,AA,AA,AA,AA,AA,AA,AA,AA,AA,AA,AA,AA,AB,AA,AA
rsX037,AB,AB,BB,AB,AB,AB,AB,AA,BB,AB,AB,BB,BB,BB,AB,AB,AB,AB,AB,AA,AB,AB,AB,AB,AB,AA,AB,AB,BB,AB,AB,AA,AB,AA,BB,AB,AB,AA,AB,AB,AB,AB,BB,AB,AB,AA,AA,AA,AA,BB
rsX038,BA,AA,BA,BA,AA,AA,AA,AA,AA,BA,BA,AA,AA,AA,BA,AA,AA,AA,AA,AA,BA,BB,AA,AA,AA,BA,BA,BA,BA,AA,AA,AA,AA,AA,AA,BA,AA,AA,AA,AA,BA,BA,AA,AA,AA,AA,AA,AA,AA,AA
rsX039,AA,AA,AA,AA,AA,AB,AA,AB,AB,AA,AB,AA,AA,AA,AA,AB,AA,AA,AA,AA,AA,AA,AA,AA,AA,AA,AA,AA,AA,AA,AA,AA,AA,AA,AA,AA,AA,AA,AA,AA,AB,AA,AA,AA,AA,AB,AB,AA,AA,AA
rsX040,BA,AA,AA,BA,AA,BA,BA,BA,BA,AA,BB,BA,BA,BA,BA,BA,BA,BA,AA,AA,BB,BA,BA,AA,BA,AA,AA,BA,BB,BB,AA,AA,BB,BB,AA,BB,BB,AA,AA,BA,BA,BB,BA,BA,AA,BA,AA,BB,AA,BB
rsX041,AA,AB,AB,BB,AA,AB,AA,AB,AA,AB,AB,AB,BB,AA,AB,AB,AA,AB,AB,AA,AA,BB,AA,AA,AA,AB,AB,AB,AA,AA,AA,BB,AB,AB,AB,BB,AB,AB,AA,AB,AB,AB,AB,BB,AA,AA,AB,AA,AB,AB
rsX042,AA,BA,BA,BB,AA,BA,AA,BA,AA,BA,BA,BA,BB,AA,BA,BA,AA,BA,BA,AA,AA,BB,AA,AA,AA,BA,BA,BA,AA,AA,AA,BB,BA,BA,BA,BB,BA,BA,AA,BA,BA,BA,BA,BB,AA,AA,BA,AA,BA,BA
rsX043,AA,AA,AB,AB,AA,AA,AA,AB,AB,AA,AA,AA,AA,BB,AB,AA,AA,AA,AA,AA,AA,AA,AA,AB,AA,AA,AA,AA,AA,AA,BB,AA,AA,AA,AB,AB,AA,AA,AB,AA,AA,AA,AB,AA,AA,AA,AA,AA,AA,AA
rsX044,AA,AA,AA,AA,AA,BA,AA,AA,AA,AA,AA,AA,AA,AA,AA,AA,AA,AA,AA,AA,AA,AA,AA,AA,AA,AA,AA,AA,AA,AA,AA,AA,AA,AA,AA,AA,AA,AA,AA,AA,AA,AA,AA,AA,AA,AA,AA,AA,BA,AA
rsX045,AA,AA,AA,AA,AA,AA,AB,AA,AA,AB,AB,AA,AB,AA,AA,AB,AB,AB,AA,AB,AA,AA,AA,AA,AA,AA,AA,AB,AA,AA,AA,AA,AB,AB,AA,AA,AA,AA,AA,AB,AA,AB,AA,AA,AA,AB,AA,AA,AA,AA
rsX046,AA,AA,AA,AA,AA,AA,AA,AA,AA,AA,AA,AA,AA,AA,AA,AA,AA,AA,AA,AA,AA,AA,AA,AA,AA,AA,AA,AA,AA,AA,AB,AA,AA,AA,AB,AA,AA,AA,AB,AA,AA,AA,AB,AA,AA,AA,AA,AA,AA,AA
rsX047,AA,AA,AA,AA,AA,AA,BA,AA,AA,BA,BA,AA,BA,AA,AA,BA,BA,BA,AA,BA,AA,AA,AA,AA,AA,AA,AA,BA,AA,AA,AA,AA,BA,BA,AA,AA,AA,AA,AA,BA,AA,BA,AA,AA,AA,BA,AA,AA,AA,AA
rsX048,AA,AA,AA,AA,AA,AA,BA,AA,AA,BA,BA,AA,BA,AA,AA,BA,BA,BA,AA,BA,AA,AA,AA,AA,AA,AA,AA,BA,AA,AA,AA,AA,BA,BA,AA,AA,AA,AA,AA,BA,AA,BA,AA,AA,AA,BA,AA,AA,AA,AA
rsX049,BA,AA,AA,BA,AA,AA,BA,AA,BA,AA,BA,BA,BA,BA,BA,AA,BA,BA,AA,AA,BB,BA,BA,AA,BA,AA,AA,BA,BB,BB,AA,AA,BB,BB,AA,BB,BB,AA,AA,BA,AA,BB,BA,BA,AA,AA,AA,BB,AA,BB
rsX050,AA,AA,AA,AA,AA,AA,AB,AA,AA,AB,AB,AA,AB,AA,AA,AB,AB,AB,AA,AB,AA,AA,AA,AA,AA,AA,AA,AB,AA,AA,AA,AA,AB,AB,AA,AA,AA,AA,AA,AB,AA,AB,AA,AA,AA,AB,AA,AA,AA,AA
rsX051,AA,AA,AA,AB,AA,AA,AB,AA,AA,AB,AB,AA,AB,AA,AA,AB,AB,AB,AA,AB,AA,AA,AA,AA,AA,AA,AA,AB,AA,AA,AA,AA,AB,AB,AA,AA,AA,AA,AA,AB,AA,AB,AA,AA,AA,AB,AA,AA,AA,AA
rsX052,AA,AA,AA,AA,AA,AA,AA,AA,AA,AA,AA,AB,AA,AA,AA,AA,AA,AA,AA,AA,AA,AA,AA,AA,AA,AA,AA,AA,AA,AA,AA,AA,AA,AA,AA,AA,AA,AB,AA,AA,AA,AA,AA,AA,AA,AA,AA,AA,AA,AB
rsX053,AA,AA,AA,AA,AA,AA,AB,AA,AA,AB,AB,AA,AB,AA,AA,AB,AB,AB,AA,AB,AA,AA,AA,AA,AA,AA,AA,AB,AA,AA,AA,AA,AB,AB,AA,AA,AA,AA,AA,AB,AA,AB,AA,AA,AA,AB,AA,AA,AA,AA
rsX054,AA,AA,AA,AA,AA,AA,BA,AA,AA,BA,BA,AA,BA,AA,AA,BA,BA,BA,AA,BA,AA,AA,AA,AA,AA,AA,AA,BA,AA,AA,AA,AA,BA,BA,AA,AA,AA,AA,AA,BA,AA,BA,AA,AA,AA,BA,AA,AA,AA,AA
rsX055,AA,AA,AA,AA,AA,AA,AA,AA,AB,AA,AA,AA,AA,AA,AA,AA,AA,AA,AA,AA,AA,AA,AA,AA,AA,AA,AB,AA,AA,AA,AA,AA,AA,AA,AA,AA,AA,AA,AB,AA,AA,AA,AA,AA,AA,AA,AA,AA,AA,AA
rsX056,AB,AA,AB,AB,AA,AA,AA,AA,AA,AB,AB,AA,AA,AA,AB,AA,AA,AA,AA,AA,AB,BB,AA,AA,AA,AB,AB,AB,AB,AA,AA,AA,AA,AA,AA,AB,AA,AA,AA,AA,AB,AB,AA,AA,AA,AA,AA,AA,AA,AA
rsX057,AA,AA,AA,AA,AA,AB,AB,AB,AB,AA,AA,AA,AA,AA,AA,AA,AA,AA,AA,AB,BB,AA,AA,AB,AB,AA,AA,AA,AA,AA,AA,AA,AA,AA,AB,AA,AB,AA,AA,AA,AB,AB,AA,AB,AA,AA,AA,AA,AA,AB
rsX058,BB,AB,AB,AA,AB,AB,AA,AB,AB,AB,AB,AB,BB,BB,AB,AB,AB,AB,BB,AA,AA,AA,BB,AB,AA,BB,BB,AB,AB,AA,AA,AA,AA,AA,AA,AB,AB,AB,AB,AA,AA,AB,AA,AB,AB,AB,AB,AB,AB,AA
rsX059,AA,AA,AA,AA,AA,BA,BA,BA,BA,AA,AA,AA,AA,AA,AA,AA,AA,AA,AA,BA,NA,AA,AA,BA,BA,AA,AA,AA,AA,AA,AA,AA,AA,AA,BA,AA,BA,AA,AA,AA,BA,BA,AA,BA,AA,AA,AA,AA,AA,BA
rsX060,AA,AA,AA,AA,AA,AA,AA,AA,AA,AA,AA,AA,AA,AA,AA,BA,BA,AA,AA,AA,AA,AA,AA,AA,AA,AA,AA,AA,AA,AA,AA,AA,BA,BA,AA,AA,AA,AA,AA,AA,AA,BA,AA,AA,AA,AA,AA,AA,AA,AA
rsX061,AA,AA,AA,AA,AA,AA,AA,AA,AA,AA,AA,AA,AA,AA,AA,AA,AA,AA,AA,AA,AA,AB,AA,AB,AA,AA,AA,AA,AA,AA,AA,AB,AA,AA,AA,AA,AA,AA,AA,AA,AB,AA,AA,AA,AA,AA,AA,AA,AA,AA
rsX062,AA,AA,AA,AA,AA,AB,AA,AB,AA,AA,AB,AA,AA,AA,AA,AB,AA,AA,AB,AA,AA,AA,AA,AA,AA,AA,AA,AA,AA,AA,AA,AB,AA,AA,AA,AA,AA,AA,AA,AA,AB,AA,AA,AA,AA,BB,AB,AA,AA,AB
rsX063,AA,AA,AA,AA,AA,AA,AA,AA,AA,AA,AA,AA,AA,AA,AA,AA,AA,AA,AA,AA,AA,AA,AA,AA,AA,AA,AA,AB,AA,AA,AA,AB,AA,AA,AA,AA,AA,AA,AA,AA,AA,AA,AA,AA,AA,AA,AA,AA,AA,AA
rsX064,AA,AA,AA,BB,AA,AA,AA,AA,AB,AA,AA,AB,AA,AB,AA,AA,AA,AA,AA,AA,AA,AA,AA,AA,AA,AA,AA,AA,AA,AA,AA,AA,AB,AB,AA,AA,AA,AA,AA,AA,AA,AA,AA,AB,AA,AA,AA,AB,AA,AA
rsX065,AA,AA,AB,AA,AA,AB,AA,AA,AA,AA,AA,AA,AA,AB,AB,AA,AA,AA,AB,AA,AA,AA,AA,AB,AB,AB,AA,AA,AA,AA,AA,AA,AA,AA,AB,AB,AA,AA,AB,AA,AA,AA,AA,AA,AA,AA,AB,AA,BB,AA
rsX066,AB,AA,AA,BB,AB,AA,AB,AB,AB,AA,AA,AB,AB,AB,AB,AB,AA,AB,AB,AB,AB,AA,AA,AA,AA,AA,AB,AA,AB,AA,AA,BB,AB,AA,AB,AB,AB,AA,AA,BB,BB,BB,AB,AA,AA,AA,BB,AA,BB,AA
