snp,s01,s02,s03,s04,s05,s06,s07,s08,s09,s10,s11,s12,s13,s14,s15,s16,s17,s18,s19,s20,s21,s22,s23,s24,s25,s26,s27,s28,s29,s30,s31,s32,s33,s34,s35,s36,s37,s38,s39,s40,s41,s42,s43,s44,s45,s46,s47,s48,s49,s50
rsX001,hom,hom,hom,het,hom,hom,hom,hom,hom,hom,hom,hom,het,hom,hom,hom,hom,hom,hom,hom,hom,hom,hom,het,hom,hom,hom,hom,hom,hom,hom,hom,hom,hom,het,hom,hom,hom,hom,hom,hom,hom,hom,hom,hom,hom,hom,hom,hom,hom
rsX002,hom,hom,hom,hom,hom,hom,hom,hom,hom,hom,het,hom,hom,hom,hom,hom,hom,het,hom,hom,hom,hom,hom,hom,hom,hom,hom,hom,hom,hom,hom,hom,hom,hom,hom,het,hom,hom,hom,hom,hom,hom,hom,het,het,hom,hom,hom,hom,het
rsX003,het,hom,hom,het,het,hom,hom,hom,hom,hom,hom,het,hom,hom,hom,het,het,hom,hom,hom,hom,het,hom,hom,het,hom,hom,hom,,hom,hom,,het,het,hom,hom,hom,hom,hom,hom,het,het,hom,het,hom,hom,hom,,hom,hom
rsX004,hom,hom,hom,het,het,hom,hom,het,hom,hom,het,het,hom,hom,hom,hom,hom,het,hom,hom,hom,hom,het,het,hom,hom,het,het,hom,hom,het,hom,hom,hom,hom,hom,het,het,hom,hom,hom,hom,hom,het,hom,hom,hom,hom,hom,hom
rsX005,het,hom,het,het,hom,het,het,het,hom,hom,hom,hom,het,hom,het,hom,het,het,hom,het,het,hom,hom,hom,het,het,het,het,het,hom,,,het,hom,hom,hom,het,het,hom,hom,hom,hom,hom,het,het,het,hom,hom,het,het
rsX006,hom,het,het,hom,hom,het,hom,het,hom,het,het,hom,het,hom,het,het,hom,het,hom,hom,hom,hom,hom,hom,hom,het,het,het,hom,hom,hom,hom,het,het,het,hom,het,het,hom,hom,het,het,het,hom,hom,hom,het,hom,het,hom
rsX007,hom,hom,hom,hom,hom,hom,hom,hom,hom,hom,hom,hom,hom,hom,hom,hom,hom,hom,hom,hom,hom,hom,hom,hom,hom,hom,hom,hom,hom,hom,hom,hom,hom,hom,hom,hom,hom,hom,hom,hom,hom,hom,hom,hom,hom,hom,hom,hom,hom,hom
rsX008,hom,hom,hom,hom,hom,hom,het,hom,het,het,hom,het,het,het,het,hom,het,hom,het,hom,het,hom,hom,het,het,het,het,hom,hom,hom,het,hom,hom,hom,hom,hom,het,hom,het,het,hom,het,het,het,hom,hom,het,hom,hom,het
rsX009,het,het,hom,hom,hom,het,hom,hom,hom,hom,hom,hom,hom,hom,hom,het,hom,hom,het,hom,hom,hom,hom,hom,het,hom,het,hom,hom,hom,hom,hom,hom,hom,het,het,hom,hom,hom,hom,het,hom,hom,het,hom,hom,hom,hom,het,het
rsX010,het,hom,het,het,hom,het,het,het,hom,hom,hom,hom,het,hom,het,hom,het,het,hom,het,het,hom,hom,hom,het,het,het,het,het,hom,hom,het,het,hom,hom,hom,het,het,hom,hom,hom,hom,hom,het,het,het,hom,hom,het,het
rsX011,hom,hom,hom,het,het,hom,hom,hom,hom,het,hom,hom,hom,hom,hom,hom,hom,hom,hom,hom,hom,het,hom,hom,hom,hom,hom,hom,hom,hom,hom,hom,hom,hom,hom,hom,hom,hom,hom,hom,hom,hom,hom,hom,hom,hom,het,hom,hom,hom
rsX012,het,hom,hom,hom,het,hom,het,hom,hom,het,het,het,het,hom,hom,hom,het,het,hom,hom,het,het,hom,hom,hom,hom,hom,hom,het,hom,hom,hom,hom,hom,hom,het,hom,hom,hom,hom,hom,het,hom,het,hom,hom,het,het,hom,hom
rsX013,hom,hom,hom,hom,hom,hom,hom,hom,hom,hom,hom,hom,hom,hom,hom,hom,hom,hom,hom,hom,hom,hom,hom,hom,hom,hom,hom,hom,hom,hom,hom,hom,hom,hom,hom,hom,hom,hom,hom,hom,hom,hom,hom,hom,hom,hom,hom,hom,hom,hom
rsX014,hom,hom,hom,hom,hom,hom,hom,hom,hom,hom,hom,hom,hom,hom,hom,het,het,hom,hom,hom,hom,hom,hom,hom,hom,hom,hom,hom,hom,hom,hom,hom,het,hom,hom,hom,hom,hom,hom,hom,hom,het,hom,hom,hom,hom,hom,hom,hom,hom
rsX015,hom,hom,hom,het,hom,hom,hom,hom,hom,hom,hom,hom,hom,hom,hom,hom,het,hom,hom,hom,hom,het,het,hom,hom,hom,hom,hom,hom,hom,hom,hom,hom,het,hom,hom,hom,hom,hom,hom,hom,hom,hom,hom,hom,hom,het,hom,hom,hom
rsX016,hom,hom,hom,hom,hom,hom,het,hom,hom,het,het,hom,het,hom,hom,het,het,het,hom,het,hom,hom,hom,hom,hom,hom,hom,het,hom,hom,hom,hom,het,het,hom,hom,hom,hom,hom,het,hom,het,hom,hom,hom,het,hom,hom,hom,hom
rsX017,hom,hom,hom,hom,hom,hom,het,hom,hom,het,het,hom,het,hom,hom,het,het,het,hom,het,hom,hom,hom,hom,hom,hom,hom,het,hom,hom,hom,hom,het,hom,hom,hom,hom,hom,hom,het,hom,het,hom,hom,hom,het,hom,hom,hom,hom
rsX018,het,het,het,hom,hom,hom,het,hom,hom,hom,hom,hom,het,hom,het,hom,het,het,het,het,het,hom,het,het,het,hom,het,hom,hom,het,hom,hom,hom,het,hom,het,hom,het,hom,hom,het,hom,hom,het,het,hom,hom,het,hom,het
rsX019,hom,hom,hom,hom,hom,hom,het,hom,hom,het,het,hom,het,hom,hom,het,het,het,hom,het,hom,hom,hom,hom,hom,hom,hom,het,hom,hom,hom,hom,het,hom,hom,hom,hom,hom,hom,het,hom,het,hom,hom,hom,het,hom,hom,hom,hom
rsX020,hom,hom,hom,het,het,hom,hom,hom,hom,het,hom,hom,hom,hom,hom,hom,hom,hom,hom,hom,hom,het,hom,hom,hom,hom,hom,hom,hom,hom,hom,hom,hom,hom,hom,hom,hom,hom,hom,hom,hom,hom,hom,hom,hom,hom,het,hom,hom,hom
rsX021,het,hom,hom,het,hom,het,het,het,het,het,hom,het,het,het,het,het,het,het,het,hom,hom,het,het,hom,het,hom,hom,het,hom,hom,hom,het,hom,hom,hom,hom,hom,hom,hom,het,het,hom,het,het,het,hom,het,hom,hom,hom
rsX022,hom,hom,het,hom,het,hom,hom,hom,het,hom,het,,hom,het,hom,hom,hom,hom,hom,het,hom,het,het,hom,hom,het,hom,het,hom,hom,hom,hom,het,hom,het,het,hom,hom,hom,hom,het,hom,het,het,hom,hom,hom,het,het,hom
rsX023,het,het,het,het,hom,hom,hom,het,het,hom,hom,hom,hom,het,het,hom,hom,hom,hom,hom,hom,het,hom,het,het,hom,het,hom,het,hom,hom,hom,hom,hom,hom,het,hom,hom,het,het,hom,het,het,het,hom,hom,hom,hom,het,het
rsX024,hom,het,hom,hom,hom,hom,hom,hom,hom,hom,hom,het,hom,hom,hom,hom,hom,hom,hom,hom,hom,hom,hom,hom,hom,het,hom,hom,hom,hom,het,hom,hom,hom,het,hom,hom,hom,het,het,hom,hom,het,hom,hom,het,hom,het,hom,het
rsX025,hom,hom,het,het,het,hom,hom,het,het,hom,hom,het,hom,het,het,hom,hom,hom,hom,hom,hom,hom,hom,het,hom,hom,hom,hom,hom,hom,hom,hom,hom,hom,het,het,hom,hom,het,hom,hom,hom,het,hom,hom,hom,hom,hom,hom,hom
rsX026,hom,het,hom,hom,hom,hom,hom,hom,hom,hom,hom,hom,hom,hom,hom,hom,hom,hom,hom,hom,hom,hom,hom,hom,hom,hom,hom,hom,hom,hom,het,hom,hom,hom,het,hom,hom,hom,het,hom,hom,hom,het,hom,hom,hom,hom,hom,hom,het
rsX027,hom,hom,hom,hom,het,hom,hom,hom,hom,hom,hom,hom,hom,het,hom,hom,hom,hom,hom,het,hom,hom,het,hom,het,hom,hom,hom,hom,hom,hom,hom,hom,hom,hom,hom,hom,hom,hom,hom,hom,hom,hom,hom,hom,hom,hom,hom,hom,het
rsX028,hom,hom,het,hom,hom,hom,hom,het,het,hom,het,het,hom,hom,hom,het,hom,het,hom,hom,hom,het,het,hom,het,hom,het,hom,hom,hom,het,het,hom,het,hom,hom,hom,het,hom,hom,hom,hom,hom,hom,hom,het,hom,hom,hom,het
rsX029,het,hom,hom,hom,hom,hom,hom,hom,hom,hom,hom,hom,hom,hom,hom,hom,hom,hom,hom,hom,hom,hom,hom,hom,hom,hom,hom,hom,hom,hom,hom,hom,hom,hom,hom,hom,hom,hom,hom,hom,hom,hom,hom,hom,hom,hom,hom,hom,hom,hom
rsX030,hom,het,hom,het,hom,hom,hom,hom,hom,het,het,het,hom,hom,het,hom,het,hom,het,het,hom,het,hom,hom,het,het,hom,hom,het,hom,hom,hom,hom,hom,hom,hom,het,hom,hom,het,hom,hom,hom,hom,hom,het,het,hom,hom,het
rsX031,het,hom,hom,hom,hom,het,het,het,het,hom,hom,het,het,het,het,het,het,het,het,hom,hom,het,het,hom,het,hom,hom,het,hom,hom,hom,het,hom,hom,hom,hom,hom,hom,hom,het,het,hom,het,het,hom,hom,het,hom,hom,hom
rsX032,het,het,hom,hom,het,hom,hom,hom,hom,hom,hom,hom,hom,hom,hom,hom,hom,het,het,het,hom,hom,het,hom,hom,hom,het,hom,hom,hom,hom,het,het,hom,hom,hom,hom,hom,het,hom,hom,hom,hom,hom,het,hom,hom,het,het,hom
rsX033,hom,het,het,het,hom,hom,hom,hom,hom,het,het,hom,het,het,hom,hom,het,het,het,hom,hom,hom,hom,het,hom,hom,hom,hom,hom,hom,hom,hom,hom,hom,het,hom,het,hom,hom,hom,hom,hom,hom,hom,hom,hom,hom,het,hom,het
rsX034,hom,hom,hom,hom,hom,hom,hom,hom,hom,hom,hom,hom,hom,hom,hom,hom,het,hom,hom,hom,hom,hom,hom,hom,hom,hom,hom,hom,hom,hom,hom,hom,hom,hom,hom,hom,hom,hom,hom,hom,het,hom,hom,het,hom,hom,hom,hom,hom,hom
rsX035,hom,het,hom,hom,het,het,hom,hom,het,hom,het,het,hom,hom,hom,hom,het,het,hom,het,hom,hom,hom,het,het,hom,hom,hom,hom,hom,hom,hom,het,hom,hom,hom,hom,het,hom,hom,hom,het,hom,hom,hom,hom,hom,hom,hom,hom
rsX036,hom,hom,hom,hom,het,hom,hom,hom,hom,hom,hom,hom,hom,hom,hom,hom,hom,hom,hom,het,hom,hom,hom,hom,hom,hom,hom,hom,hom,hom,hom,hom,hom,hom,hom,hom,hom,hom,hom,hom,hom,hom,hom,hom,hom,hom,hom,het,hom,hom
rsX037,het,het,hom,het,het,het,het,hom,hom,het,het,hom,hom,hom,het,het,het,het,het,hom,het,het,het,het,het,hom,het,het,hom,het,het,hom,het,hom,hom,het,het,hom,het,het,het,het,hom,het,het,hom,hom,hom,hom,hom
rsX038,het,hom,het,het,hom,hom,hom,hom,hom,het,het,hom,hom,hom,het,hom,hom,hom,hom,hom,het,hom,hom,hom,hom,het,het,het,het,hom,hom,hom,hom,hom,hom,het,hom,hom,hom,hom,het,het,hom,hom,hom,hom,hom,hom,hom,hom
rsX039,hom,hom,hom,hom,hom,het,hom,het,het,hom,het,hom,hom,hom,hom,het,hom,hom,hom,hom,hom,hom,hom,hom,hom,hom,hom,hom,hom,hom,hom,hom,hom,hom,hom,hom,hom,hom,hom,hom,het,hom,hom,hom,hom,het,het,hom,hom,hom
rsX040,het,hom,hom,het,hom,het,het,het,het,hom,hom,het,het,het,het,het,het,het,hom,hom,hom,het,het,hom,het,hom,hom,het,hom,hom,hom,hom,hom,hom,hom,hom,hom,hom,hom,het,het,hom,het,het,hom,het,hom,hom,hom,hom
rsX041,hom,het,het,hom,hom,het,hom,het,hom,het,het,het,hom,hom,het,het,hom,het,het,hom,hom,hom,hom,hom,hom,het,het,het,hom,hom,hom,hom,het,het,het,hom,het,het,hom,het,het,het,het,hom,hom,hom,het,hom,het,het
rsX042,hom,het,het,hom,hom,het,hom,het,hom,het,het,het,hom,hom,het,het,hom,het,het,hom,hom,hom,hom,hom,hom,het,het,het,hom,hom,hom,hom,het,het,het,hom,het,het,hom,het,het,het,het,hom,hom,hom,het,hom,het,het
rsX043,hom,hom,het,het,hom,hom,hom,het,het,hom,hom,hom,hom,hom,het,hom,hom,hom,hom,hom,hom,hom,hom,het,hom,hom,hom,hom,hom,hom,hom,hom,hom,hom,het,het,hom,hom,het,hom,hom,hom,het,hom,hom,hom,hom,hom,hom,hom
rsX044,hom,hom,hom,hom,hom,het,hom,hom,hom,hom,hom,hom,hom,hom,hom,hom,hom,hom,hom,hom,hom,hom,hom,hom,hom,hom,hom,hom,hom,hom,hom,hom,hom,hom,hom,hom,hom,hom,hom,hom,hom,hom,hom,hom,hom,hom,hom,hom,het,hom
rsX045,hom,hom,hom,hom,hom,hom,het,hom,hom,het,het,hom,het,hom,hom,het,het,het,hom,het,hom,hom,hom,hom,hom,hom,hom,het,hom,hom,hom,hom,het,het,hom,hom,hom,hom,hom,het,hom,het,hom,hom,hom,het,hom,hom,hom,hom
rsX046,hom,hom,hom,hom,hom,hom,hom,hom,hom,hom,hom,hom,hom,hom,hom,hom,hom,hom,hom,hom,hom,hom,hom,hom,hom,hom,hom,hom,hom,hom,het,hom,hom,hom,het,hom,hom,hom,het,hom,hom,hom,het,hom,hom,hom,hom,hom,hom,hom
rsX047,hom,hom,hom,hom,hom,hom,het,hom,hom,het,het,hom,het,hom,hom,het,het,het,hom,het,hom,hom,hom,hom,hom,hom,hom,het,hom,hom,hom,hom,het,het,hom,hom,hom,hom,hom,het,hom,het,hom,hom,hom,het,hom,hom,hom,hom
rsX048,hom,hom,hom,hom,hom,hom,het,hom,hom,het,het,hom,het,hom,hom,het,het,het,hom,het,hom,hom,hom,hom,hom,hom,hom,het,hom,hom,hom,hom,het,het,hom,hom,hom,hom,hom,het,hom,het,hom,hom,hom,het,hom,hom,hom,hom
rsX049,het,hom,hom,het,hom,hom,het,hom,het,hom,het,het,het,het,het,hom,het,het,hom,hom,hom,het,het,hom,het,hom,hom,het,hom,hom,hom,hom,hom,hom,hom,hom,hom,hom,hom,het,hom,hom,het,het,hom,hom,hom,hom,hom,hom
rsX050,hom,hom,hom,hom,hom,hom,het,hom,hom,het,het,hom,het,hom,hom,het,het,het,hom,het,hom,hom,hom,hom,hom,hom,hom,het,hom,hom,hom,hom,het,het,hom,hom,hom,hom,hom,het,hom,het,hom,hom,hom,het,hom,hom,hom,hom
rsX051,hom,hom,hom,het,hom,hom,het,hom,hom,het,het,hom,het,hom,hom,het,het,het,hom,het,hom,hom,hom,hom,hom,hom,hom,het,hom,hom,hom,hom,het,het,hom,hom,hom,hom,hom,het,hom,het,hom,hom,hom,het,hom,hom,hom,hom
rsX052,hom,hom,hom,hom,hom,hom,hom,hom,hom,hom,hom,het,hom,hom,hom,hom,hom,hom,hom,hom,hom,hom,hom,hom,hom,hom,hom,hom,hom,hom,hom,hom,hom,hom,hom,hom,hom,het,hom,hom,hom,hom,hom,hom,hom,hom,hom,hom,hom,het
rsX053,hom,hom,hom,hom,hom,hom,het,hom,hom,het,het,hom,het,hom,hom,het,het,het,hom,het,hom,hom,hom,hom,hom,hom,hom,het,hom,hom,hom,hom,het,het,hom,hom,hom,hom,hom,het,hom,het,hom,hom,hom,het,hom,hom,hom,hom
rsX054,hom,hom,hom,hom,hom,hom,het,hom,hom,het,het,hom,het,hom,hom,het,het,het,hom,het,hom,hom,hom,hom,hom,hom,hom,het,hom,hom,hom,hom,het,het,hom,hom,hom,hom,hom,het,hom,het,hom,hom,hom,het,hom,hom,hom,hom
rsX055,hom,hom,hom,hom,hom,hom,hom,hom,het,hom,hom,hom,hom,hom,hom,hom,hom,hom,hom,hom,hom,hom,hom,hom,hom,hom,het,hom,hom,hom,hom,hom,hom,hom,hom,hom,hom,hom,het,hom,hom,hom,hom,hom,hom,hom,hom,hom,hom,hom
rsX056,het,hom,het,het,hom,hom,hom,hom,hom,het,het,hom,hom,hom,het,hom,hom,hom,hom,hom,het,hom,hom,hom,hom,het,het,het,het,hom,hom,hom,hom,hom,hom,het,hom,hom,hom,hom,het,het,hom,hom,hom,hom,hom,hom,hom,hom
rsX057,hom,hom,hom,hom,hom,het,het,het,het,hom,hom,hom,hom,hom,hom,hom,hom,hom,hom,het,hom,hom,hom,het,het,hom,hom,hom,hom,hom,hom,hom,hom,hom,het,hom,het,hom,hom,hom,het,het,hom,het,hom,hom,hom,hom,hom,het
rsX058,hom,het,het,hom,het,het,hom,het,het,het,het,het,hom,hom,het,het,het,het,hom,hom,hom,hom,hom,het,hom,hom,hom,het,het,hom,hom,hom,hom,hom,hom,het,het,het,het,hom,hom,het,hom,het,het,het,het,het,het,hom
rsX059,hom,hom,hom,hom,hom,het,het,het,het,hom,hom,hom,hom,hom,hom,hom,hom,hom,hom,het,,hom,hom,het,het,hom,hom,hom,hom,hom,hom,hom,hom,hom,het,hom,het,hom,hom,hom,het,het,hom,het,hom,hom,hom,hom,hom,het
rsX060,hom,hom,hom,hom,hom,hom,hom,hom,hom,hom,hom,hom,hom,hom,hom,het,het,hom,hom,hom,hom,hom,hom,hom,hom,hom,hom,hom,hom,hom,hom,hom,het,het,hom,hom,hom,hom,hom,hom,hom,het,hom,hom,hom,hom,hom,hom,hom,hom
rsX061,hom,hom,hom,hom,hom,hom,hom,hom,hom,hom,hom,hom,hom,hom,hom,hom,hom,hom,hom,hom,hom,het,hom,het,hom,hom,hom,hom,hom,hom,hom,het,hom,hom,hom,hom,hom,hom,hom,hom,het,hom,hom,hom,hom,hom,hom,hom,hom,hom
rsX062,hom,hom,hom,hom,hom,het,hom,het,hom,hom,het,hom,hom,hom,hom,het,hom,hom,het,hom,hom,hom,hom,hom,hom,hom,hom,hom,hom,hom,hom,het,hom,hom,hom,hom,hom,hom,hom,hom,het,hom,hom,hom,hom,hom,het,hom,hom,het
rsX063,hom,hom,hom,hom,hom,hom,hom,hom,hom,hom,hom,hom,hom,hom,hom,hom,hom,hom,hom,hom,hom,hom,hom,hom,hom,hom,hom,het,hom,hom,hom,het,hom,hom,hom,hom,hom,hom,hom,hom,hom,hom,hom,hom,hom,hom,hom,hom,hom,hom
rsX064,hom,hom,hom,hom,hom,hom,hom,hom,het,hom,hom,het,hom,het,hom,hom,hom,hom,hom,hom,hom,hom,hom,hom,hom,hom,hom,hom,hom,hom,hom,hom,het,het,hom,hom,hom,hom,hom,hom,hom,hom,hom,het,hom,hom,hom,het,hom,hom
rsX065,hom,hom,het,hom,hom,het,hom,hom,hom,hom,hom,hom,hom,het,het,hom,hom,hom,het,hom,hom,hom,hom,het,het,het,hom,hom,hom,hom,hom,hom,hom,hom,het,het,hom,hom,het,hom,hom,hom,hom,hom,hom,hom,het,hom,hom,hom
rsX066,het,hom,hom,hom,het,hom,het,het,het,hom,hom,het,het,het,het,het,hom,het,het,het,het,hom,hom,hom,hom,hom,het,hom,het,hom,hom,hom,het,hom,het,het,het,hom,hom,hom,hom,hom,het,hom,hom,hom,hom,hom,hom,hom
